{
  "hash": "fd79e10d",
  "configHash": "d7625e5f",
  "lockfileHash": "a8acad64",
  "browserHash": "00b81f36",
  "optimized": {
    "@angular/core": {
      "src": "../../../../../node_modules/@angular/core/fesm2022/core.mjs",
      "file": "@angular_core.js",
      "fileHash": "3052634e",
      "needsInterop": false
    },
    "@angular/platform-browser": {
      "src": "../../../../../node_modules/@angular/platform-browser/fesm2022/platform-browser.mjs",
      "file": "@angular_platform-browser.js",
      "fileHash": "450abb93",
      "needsInterop": false
    },
    "@angular/router": {
      "src": "../../../../../node_modules/@angular/router/fesm2022/router.mjs",
      "file": "@angular_router.js",
      "fileHash": "a4d25296",
      "needsInterop": false
    },
    "@angular/common": {
      "src": "../../../../../node_modules/@angular/common/fesm2022/common.mjs",
      "file": "@angular_common.js",
      "fileHash": "dd71e7c4",
      "needsInterop": false
    }
  },
  "chunks": {
    "chunk-A6RJJMOL": {
      "file": "chunk-A6RJJMOL.js"
    },
    "chunk-XFCOUONH": {
      "file": "chunk-XFCOUONH.js"
    },
    "chunk-5FUJWLSI": {
      "file": "chunk-5FUJWLSI.js"
    }
  }
}